{
    "Syria": {
        "capital": "Damascus",
        "currency": "Syrian pound"
    },
    "New Zealand": {
        "capital": "Wellington",
        "currency": "New Zealand dollar"
    },
    "Brunei": {
        "capital": "Bandar Seri Begawan",
        "currency": "Brunei dollar"
    },
    "British Indian Ocean Territory": {
        "capital": "Diego Garcia",
        "currency": "United States dollar"
    },
    "Kenya": {
        "capital": "Nairobi",
        "currency": "Kenyan shilling"
    },
    "Palau": {
        "capital": "Ngerulmud",
        "currency": "United States dollar"
    },
    "Oman": {
        "capital": "Muscat",
        "currency": "Omani rial"
    },
    "Mexico": {
        "capital": "Mexico City",
        "currency": "Mexican peso"
    },
    "Palestine": {
        "capital": "Ramallah",
        "currency": "Egyptian pound"
    },
    "Turks and Caicos Islands": {
        "capital": "Cockburn Town",
        "currency": "United States dollar"
    },
    "Central African Republic": {
        "capital": "Bangui",
        "currency": "Central African CFA franc"
    },
    "Saint Kitts and Nevis": {
        "capital": "Basseterre",
        "currency": "Eastern Caribbean dollar"
    },
    "South Sudan": {
        "capital": "Juba",
        "currency": "South Sudanese pound"
    },
    "Ukraine": {
        "capital": "Kyiv",
        "currency": "Ukrainian hryvnia"
    },
    "Saint Barthélemy": {
        "capital": "Gustavia",
        "currency": "Euro"
    },
    "Netherlands": {
        "capital": "Amsterdam",
        "currency": "Euro"
    },
    "Tanzania": {
        "capital": "Dodoma",
        "currency": "Tanzanian shilling"
    },
    "Czechia": {
        "capital": "Prague",
        "currency": "Czech koruna"
    },
    "Belarus": {
        "capital": "Minsk",
        "currency": "Belarusian ruble"
    },
    "Yemen": {
        "capital": "Sana'a",
        "currency": "Yemeni rial"
    },
    "Slovenia": {
        "capital": "Ljubljana",
        "currency": "Euro"
    },
    "Tokelau": {
        "capital": "Fakaofo",
        "currency": "New Zealand dollar"
    },
    "Nigeria": {
        "capital": "Abuja",
        "currency": "Nigerian naira"
    },
    "Réunion": {
        "capital": "Saint-Denis",
        "currency": "Euro"
    },
    "Guadeloupe": {
        "capital": "Basse-Terre",
        "currency": "Euro"
    },
    "Hungary": {
        "capital": "Budapest",
        "currency": "Hungarian forint"
    },
    "Heard Island and McDonald Islands": {
        "capital": "Sem capital",
        "currency": "Sem moeda"
    },
    "Eswatini": {
        "capital": "Mbabane",
        "currency": "Swazi lilangeni"
    },
    "Comoros": {
        "capital": "Moroni",
        "currency": "Comorian franc"
    },
    "India": {
        "capital": "New Delhi",
        "currency": "Indian rupee"
    },
    "Cocos (Keeling) Islands": {
        "capital": "West Island",
        "currency": "Australian dollar"
    },
    "United Kingdom": {
        "capital": "London",
        "currency": "British pound"
    },
    "Angola": {
        "capital": "Luanda",
        "currency": "Angolan kwanza"
    },
    "Macau": {
        "capital": "Sem capital",
        "currency": "Macanese pataca"
    },
    "Costa Rica": {
        "capital": "San José",
        "currency": "Costa Rican colón"
    },
    "Niue": {
        "capital": "Alofi",
        "currency": "New Zealand dollar"
    },
    "Cook Islands": {
        "capital": "Avarua",
        "currency": "Cook Islands dollar"
    },
    "Djibouti": {
        "capital": "Djibouti",
        "currency": "Djiboutian franc"
    },
    "Saint Pierre and Miquelon": {
        "capital": "Saint-Pierre",
        "currency": "Euro"
    },
    "Austria": {
        "capital": "Vienna",
        "currency": "Euro"
    },
    "Indonesia": {
        "capital": "Jakarta",
        "currency": "Indonesian rupiah"
    },
    "Nauru": {
        "capital": "Yaren",
        "currency": "Australian dollar"
    },
    "Kazakhstan": {
        "capital": "Astana",
        "currency": "Kazakhstani tenge"
    },
    "Malawi": {
        "capital": "Lilongwe",
        "currency": "Malawian kwacha"
    },
    "Eritrea": {
        "capital": "Asmara",
        "currency": "Eritrean nakfa"
    },
    "Tunisia": {
        "capital": "Tunis",
        "currency": "Tunisian dinar"
    },
    "Pitcairn Islands": {
        "capital": "Adamstown",
        "currency": "New Zealand dollar"
    },
    "Saudi Arabia": {
        "capital": "Riyadh",
        "currency": "Saudi riyal"
    },
    "Turkmenistan": {
        "capital": "Ashgabat",
        "currency": "Turkmenistan manat"
    },
    "Western Sahara": {
        "capital": "El Aaiún",
        "currency": "Algerian dinar"
    },
    "Ghana": {
        "capital": "Accra",
        "currency": "Ghanaian cedi"
    },
    "Tuvalu": {
        "capital": "Funafuti",
        "currency": "Australian dollar"
    },
    "Myanmar": {
        "capital": "Naypyidaw",
        "currency": "Burmese kyat"
    },
    "Gabon": {
        "capital": "Libreville",
        "currency": "Central African CFA franc"
    },
    "Cuba": {
        "capital": "Havana",
        "currency": "Cuban convertible peso"
    },
    "China": {
        "capital": "Beijing",
        "currency": "Chinese yuan"
    },
    "Panama": {
        "capital": "Panama City",
        "currency": "Panamanian balboa"
    },
    "Thailand": {
        "capital": "Bangkok",
        "currency": "Thai baht"
    },
    "Russia": {
        "capital": "Moscow",
        "currency": "Russian ruble"
    },
    "Bosnia and Herzegovina": {
        "capital": "Sarajevo",
        "currency": "Bosnia and Herzegovina convertible mark"
    },
    "Qatar": {
        "capital": "Doha",
        "currency": "Qatari riyal"
    },
    "Bouvet Island": {
        "capital": "Sem capital",
        "currency": "Sem moeda"
    },
    "Iraq": {
        "capital": "Baghdad",
        "currency": "Iraqi dinar"
    },
    "Tajikistan": {
        "capital": "Dushanbe",
        "currency": "Tajikistani somoni"
    },
    "Guyana": {
        "capital": "Georgetown",
        "currency": "Guyanese dollar"
    },
    "Solomon Islands": {
        "capital": "Honiara",
        "currency": "Solomon Islands dollar"
    },
    "Slovakia": {
        "capital": "Bratislava",
        "currency": "Euro"
    },
    "Gibraltar": {
        "capital": "Gibraltar",
        "currency": "Gibraltar pound"
    },
    "Peru": {
        "capital": "Lima",
        "currency": "Peruvian sol"
    },
    "Puerto Rico": {
        "capital": "San Juan",
        "currency": "United States dollar"
    },
    "Armenia": {
        "capital": "Yerevan",
        "currency": "Armenian dram"
    },
    "Azerbaijan": {
        "capital": "Baku",
        "currency": "Azerbaijani manat"
    },
    "Mauritania": {
        "capital": "Nouakchott",
        "currency": "Mauritanian ouguiya"
    },
    "Belize": {
        "capital": "Belmopan",
        "currency": "Belize dollar"
    },
    "Anguilla": {
        "capital": "The Valley",
        "currency": "Eastern Caribbean dollar"
    },
    "Seychelles": {
        "capital": "Victoria",
        "currency": "Seychellois rupee"
    },
    "Norfolk Island": {
        "capital": "Kingston",
        "currency": "Australian dollar"
    },
    "Philippines": {
        "capital": "Manila",
        "currency": "Philippine peso"
    },
    "Argentina": {
        "capital": "Buenos Aires",
        "currency": "Argentine peso"
    },
    "Moldova": {
        "capital": "Chișinău",
        "currency": "Moldovan leu"
    },
    "Samoa": {
        "capital": "Apia",
        "currency": "Samoan tālā"
    },
    "Antarctica": {
        "capital": "Sem capital",
        "currency": "Sem moeda"
    },
    "Sierra Leone": {
        "capital": "Freetown",
        "currency": "Leone"
    },
    "Cambodia": {
        "capital": "Phnom Penh",
        "currency": "Cambodian riel"
    },
    "Vanuatu": {
        "capital": "Port Vila",
        "currency": "Vanuatu vatu"
    },
    "Jordan": {
        "capital": "Amman",
        "currency": "Jordanian dinar"
    },
    "Martinique": {
        "capital": "Fort-de-France",
        "currency": "Euro"
    },
    "Tonga": {
        "capital": "Nuku'alofa",
        "currency": "Tongan paʻanga"
    },
    "British Virgin Islands": {
        "capital": "Road Town",
        "currency": "United States dollar"
    },
    "Timor-Leste": {
        "capital": "Dili",
        "currency": "United States dollar"
    },
    "French Polynesia": {
        "capital": "Papeetē",
        "currency": "CFP franc"
    },
    "Turkey": {
        "capital": "Ankara",
        "currency": "Turkish lira"
    },
    "Guernsey": {
        "capital": "St. Peter Port",
        "currency": "British pound"
    },
    "Senegal": {
        "capital": "Dakar",
        "currency": "West African CFA franc"
    },
    "Guatemala": {
        "capital": "Guatemala City",
        "currency": "Guatemalan quetzal"
    },
    "Poland": {
        "capital": "Warsaw",
        "currency": "Polish złoty"
    },
    "Bahamas": {
        "capital": "Nassau",
        "currency": "Bahamian dollar"
    },
    "Faroe Islands": {
        "capital": "Tórshavn",
        "currency": "Danish krone"
    },
    "Aruba": {
        "capital": "Oranjestad",
        "currency": "Aruban florin"
    },
    "Dominican Republic": {
        "capital": "Santo Domingo",
        "currency": "Dominican peso"
    },
    "Hong Kong": {
        "capital": "City of Victoria",
        "currency": "Hong Kong dollar"
    },
    "São Tomé and Príncipe": {
        "capital": "São Tomé",
        "currency": "São Tomé and Príncipe dobra"
    },
    "Uruguay": {
        "capital": "Montevideo",
        "currency": "Uruguayan peso"
    },
    "Bermuda": {
        "capital": "Hamilton",
        "currency": "Bermudian dollar"
    },
    "Wallis and Futuna": {
        "capital": "Mata-Utu",
        "currency": "CFP franc"
    },
    "South Africa": {
        "capital": "Pretoria",
        "currency": "South African rand"
    },
    "Israel": {
        "capital": "Jerusalem",
        "currency": "Israeli new shekel"
    },
    "San Marino": {
        "capital": "City of San Marino",
        "currency": "Euro"
    },
    "El Salvador": {
        "capital": "San Salvador",
        "currency": "United States dollar"
    },
    "Mongolia": {
        "capital": "Ulan Bator",
        "currency": "Mongolian tögrög"
    },
    "American Samoa": {
        "capital": "Pago Pago",
        "currency": "United States dollar"
    },
    "French Southern and Antarctic Lands": {
        "capital": "Port-aux-Français",
        "currency": "Euro"
    },
    "Zimbabwe": {
        "capital": "Harare",
        "currency": "Zimbabwean dollar"
    },
    "Falkland Islands": {
        "capital": "Stanley",
        "currency": "Falkland Islands pound"
    },
    "Croatia": {
        "capital": "Zagreb",
        "currency": "Euro"
    },
    "Kiribati": {
        "capital": "South Tarawa",
        "currency": "Australian dollar"
    },
    "Marshall Islands": {
        "capital": "Majuro",
        "currency": "United States dollar"
    },
    "Norway": {
        "capital": "Oslo",
        "currency": "Norwegian krone"
    },
    "Mali": {
        "capital": "Bamako",
        "currency": "West African CFA franc"
    },
    "Zambia": {
        "capital": "Lusaka",
        "currency": "Zambian kwacha"
    },
    "Maldives": {
        "capital": "Malé",
        "currency": "Maldivian rufiyaa"
    },
    "Antigua and Barbuda": {
        "capital": "Saint John's",
        "currency": "Eastern Caribbean dollar"
    },
    "Christmas Island": {
        "capital": "Flying Fish Cove",
        "currency": "Australian dollar"
    },
    "Iran": {
        "capital": "Tehran",
        "currency": "Iranian rial"
    },
    "Italy": {
        "capital": "Rome",
        "currency": "Euro"
    },
    "Gambia": {
        "capital": "Banjul",
        "currency": "dalasi"
    },
    "South Korea": {
        "capital": "Seoul",
        "currency": "South Korean won"
    },
    "Papua New Guinea": {
        "capital": "Port Moresby",
        "currency": "Papua New Guinean kina"
    },
    "Egypt": {
        "capital": "Cairo",
        "currency": "Egyptian pound"
    },
    "Isle of Man": {
        "capital": "Douglas",
        "currency": "British pound"
    },
    "Latvia": {
        "capital": "Riga",
        "currency": "Euro"
    },
    "Paraguay": {
        "capital": "Asunción",
        "currency": "Paraguayan guaraní"
    },
    "Grenada": {
        "capital": "St. George's",
        "currency": "Eastern Caribbean dollar"
    },
    "Colombia": {
        "capital": "Bogotá",
        "currency": "Colombian peso"
    },
    "Finland": {
        "capital": "Helsinki",
        "currency": "Euro"
    },
    "Bulgaria": {
        "capital": "Sofia",
        "currency": "Bulgarian lev"
    },
    "Togo": {
        "capital": "Lomé",
        "currency": "West African CFA franc"
    },
    "Chile": {
        "capital": "Santiago",
        "currency": "Chilean peso"
    },
    "Dominica": {
        "capital": "Roseau",
        "currency": "Eastern Caribbean dollar"
    },
    "Ireland": {
        "capital": "Dublin",
        "currency": "Euro"
    },
    "Botswana": {
        "capital": "Gaborone",
        "currency": "Botswana pula"
    },
    "Kosovo": {
        "capital": "Pristina",
        "currency": "Euro"
    },
    "United States": {
        "capital": "Washington, D.C.",
        "currency": "United States dollar"
    },
    "Uzbekistan": {
        "capital": "Tashkent",
        "currency": "Uzbekistani soʻm"
    },
    "Brazil": {
        "capital": "Brasília",
        "currency": "Brazilian real"
    },
    "Rwanda": {
        "capital": "Kigali",
        "currency": "Rwandan franc"
    },
    "Liechtenstein": {
        "capital": "Vaduz",
        "currency": "Swiss franc"
    },
    "Bhutan": {
        "capital": "Thimphu",
        "currency": "Bhutanese ngultrum"
    },
    "Montenegro": {
        "capital": "Podgorica",
        "currency": "Euro"
    },
    "Niger": {
        "capital": "Niamey",
        "currency": "West African CFA franc"
    },
    "Albania": {
        "capital": "Tirana",
        "currency": "Albanian lek"
    },
    "Morocco": {
        "capital": "Rabat",
        "currency": "Moroccan dirham"
    },
    "Venezuela": {
        "capital": "Caracas",
        "currency": "Venezuelan bolívar soberano"
    },
    "Republic of the Congo": {
        "capital": "Brazzaville",
        "currency": "Central African CFA franc"
    },
    "Burundi": {
        "capital": "Gitega",
        "currency": "Burundian franc"
    },
    "Jersey": {
        "capital": "Saint Helier",
        "currency": "British pound"
    },
    "North Macedonia": {
        "capital": "Skopje",
        "currency": "denar"
    },
    "Kyrgyzstan": {
        "capital": "Bishkek",
        "currency": "Kyrgyzstani som"
    },
    "Romania": {
        "capital": "Bucharest",
        "currency": "Romanian leu"
    },
    "Guam": {
        "capital": "Hagåtña",
        "currency": "United States dollar"
    },
    "Åland Islands": {
        "capital": "Mariehamn",
        "currency": "Euro"
    },
    "Equatorial Guinea": {
        "capital": "Malabo",
        "currency": "Central African CFA franc"
    },
    "South Georgia": {
        "capital": "King Edward Point",
        "currency": "British pound"
    },
    "French Guiana": {
        "capital": "Cayenne",
        "currency": "Euro"
    },
    "Germany": {
        "capital": "Berlin",
        "currency": "Euro"
    },
    "Denmark": {
        "capital": "Copenhagen",
        "currency": "Danish krone"
    },
    "Iceland": {
        "capital": "Reykjavik",
        "currency": "Icelandic króna"
    },
    "Somalia": {
        "capital": "Mogadishu",
        "currency": "Somali shilling"
    },
    "Micronesia": {
        "capital": "Palikir",
        "currency": "United States dollar"
    },
    "Laos": {
        "capital": "Vientiane",
        "currency": "Lao kip"
    },
    "Sint Maarten": {
        "capital": "Philipsburg",
        "currency": "Netherlands Antillean guilder"
    },
    "Liberia": {
        "capital": "Monrovia",
        "currency": "Liberian dollar"
    },
    "Chad": {
        "capital": "N'Djamena",
        "currency": "Central African CFA franc"
    },
    "Australia": {
        "capital": "Canberra",
        "currency": "Australian dollar"
    },
    "Burkina Faso": {
        "capital": "Ouagadougou",
        "currency": "West African CFA franc"
    },
    "Malta": {
        "capital": "Valletta",
        "currency": "Euro"
    },
    "Northern Mariana Islands": {
        "capital": "Saipan",
        "currency": "United States dollar"
    },
    "Uganda": {
        "capital": "Kampala",
        "currency": "Ugandan shilling"
    },
    "Spain": {
        "capital": "Madrid",
        "currency": "Euro"
    },
    "Sudan": {
        "capital": "Khartoum",
        "currency": "Sudanese pound"
    },
    "Taiwan": {
        "capital": "Taipei",
        "currency": "New Taiwan dollar"
    },
    "Afghanistan": {
        "capital": "Kabul",
        "currency": "Afghan afghani"
    },
    "Svalbard and Jan Mayen": {
        "capital": "Longyearbyen",
        "currency": "krone"
    },
    "Fiji": {
        "capital": "Suva",
        "currency": "Fijian dollar"
    },
    "Guinea-Bissau": {
        "capital": "Bissau",
        "currency": "West African CFA franc"
    },
    "Andorra": {
        "capital": "Andorra la Vella",
        "currency": "Euro"
    },
    "Algeria": {
        "capital": "Algiers",
        "currency": "Algerian dinar"
    },
    "Portugal": {
        "capital": "Lisbon",
        "currency": "Euro"
    },
    "Mozambique": {
        "capital": "Maputo",
        "currency": "Mozambican metical"
    },
    "Lesotho": {
        "capital": "Maseru",
        "currency": "Lesotho loti"
    },
    "North Korea": {
        "capital": "Pyongyang",
        "currency": "North Korean won"
    },
    "Singapore": {
        "capital": "Singapore",
        "currency": "Singapore dollar"
    },
    "Monaco": {
        "capital": "Monaco",
        "currency": "Euro"
    },
    "Lebanon": {
        "capital": "Beirut",
        "currency": "Lebanese pound"
    },
    "Serbia": {
        "capital": "Belgrade",
        "currency": "Serbian dinar"
    },
    "Estonia": {
        "capital": "Tallinn",
        "currency": "Euro"
    },
    "Barbados": {
        "capital": "Bridgetown",
        "currency": "Barbadian dollar"
    },
    "Mauritius": {
        "capital": "Port Louis",
        "currency": "Mauritian rupee"
    },
    "Saint Helena, Ascension and Tristan da Cunha": {
        "capital": "Jamestown",
        "currency": "Pound sterling"
    },
    "Belgium": {
        "capital": "Brussels",
        "currency": "Euro"
    },
    "Libya": {
        "capital": "Tripoli",
        "currency": "Libyan dinar"
    },
    "Nicaragua": {
        "capital": "Managua",
        "currency": "Nicaraguan córdoba"
    },
    "Kuwait": {
        "capital": "Kuwait City",
        "currency": "Kuwaiti dinar"
    },
    "New Caledonia": {
        "capital": "Nouméa",
        "currency": "CFP franc"
    },
    "France": {
        "capital": "Paris",
        "currency": "Euro"
    },
    "Vietnam": {
        "capital": "Hanoi",
        "currency": "Vietnamese đồng"
    },
    "Saint Vincent and the Grenadines": {
        "capital": "Kingstown",
        "currency": "Eastern Caribbean dollar"
    },
    "Bahrain": {
        "capital": "Manama",
        "currency": "Bahraini dinar"
    },
    "Curaçao": {
        "capital": "Willemstad",
        "currency": "Netherlands Antillean guilder"
    },
    "Bangladesh": {
        "capital": "Dhaka",
        "currency": "Bangladeshi taka"
    },
    "Ivory Coast": {
        "capital": "Yamoussoukro",
        "currency": "West African CFA franc"
    },
    "DR Congo": {
        "capital": "Kinshasa",
        "currency": "Congolese franc"
    },
    "Sri Lanka": {
        "capital": "Sri Jayawardenepura Kotte",
        "currency": "Sri Lankan rupee"
    },
    "United States Minor Outlying Islands": {
        "capital": "Washington DC",
        "currency": "United States dollar"
    },
    "Caribbean Netherlands": {
        "capital": "Kralendijk",
        "currency": "United States dollar"
    },
    "Nepal": {
        "capital": "Kathmandu",
        "currency": "Nepalese rupee"
    },
    "Bolivia": {
        "capital": "Sucre",
        "currency": "Bolivian boliviano"
    },
    "Namibia": {
        "capital": "Windhoek",
        "currency": "Namibian dollar"
    },
    "Haiti": {
        "capital": "Port-au-Prince",
        "currency": "Haitian gourde"
    },
    "Suriname": {
        "capital": "Paramaribo",
        "currency": "Surinamese dollar"
    },
    "Saint Martin": {
        "capital": "Marigot",
        "currency": "Euro"
    },
    "Canada": {
        "capital": "Ottawa",
        "currency": "Canadian dollar"
    },
    "Honduras": {
        "capital": "Tegucigalpa",
        "currency": "Honduran lempira"
    },
    "Vatican City": {
        "capital": "Vatican City",
        "currency": "Euro"
    },
    "United Arab Emirates": {
        "capital": "Abu Dhabi",
        "currency": "United Arab Emirates dirham"
    },
    "Guinea": {
        "capital": "Conakry",
        "currency": "Guinean franc"
    },
    "Cameroon": {
        "capital": "Yaoundé",
        "currency": "Central African CFA franc"
    },
    "Cyprus": {
        "capital": "Nicosia",
        "currency": "Euro"
    },
    "Trinidad and Tobago": {
        "capital": "Port of Spain",
        "currency": "Trinidad and Tobago dollar"
    },
    "Sweden": {
        "capital": "Stockholm",
        "currency": "Swedish krona"
    },
    "Madagascar": {
        "capital": "Antananarivo",
        "currency": "Malagasy ariary"
    },
    "Mayotte": {
        "capital": "Mamoudzou",
        "currency": "Euro"
    },
    "Cayman Islands": {
        "capital": "George Town",
        "currency": "Cayman Islands dollar"
    },
    "Malaysia": {
        "capital": "Kuala Lumpur",
        "currency": "Malaysian ringgit"
    },
    "Benin": {
        "capital": "Porto-Novo",
        "currency": "West African CFA franc"
    },
    "Greenland": {
        "capital": "Nuuk",
        "currency": "krone"
    },
    "Switzerland": {
        "capital": "Bern",
        "currency": "Swiss franc"
    },
    "Georgia": {
        "capital": "Tbilisi",
        "currency": "lari"
    },
    "Ecuador": {
        "capital": "Quito",
        "currency": "United States dollar"
    },
    "Cape Verde": {
        "capital": "Praia",
        "currency": "Cape Verdean escudo"
    },
    "Luxembourg": {
        "capital": "Luxembourg",
        "currency": "Euro"
    },
    "Saint Lucia": {
        "capital": "Castries",
        "currency": "Eastern Caribbean dollar"
    },
    "United States Virgin Islands": {
        "capital": "Charlotte Amalie",
        "currency": "United States dollar"
    },
    "Japan": {
        "capital": "Tokyo",
        "currency": "Japanese yen"
    },
    "Jamaica": {
        "capital": "Kingston",
        "currency": "Jamaican dollar"
    },
    "Ethiopia": {
        "capital": "Addis Ababa",
        "currency": "Ethiopian birr"
    },
    "Pakistan": {
        "capital": "Islamabad",
        "currency": "Pakistani rupee"
    },
    "Montserrat": {
        "capital": "Plymouth",
        "currency": "Eastern Caribbean dollar"
    },
    "Lithuania": {
        "capital": "Vilnius",
        "currency": "Euro"
    },
    "Greece": {
        "capital": "Athens",
        "currency": "Euro"
    }
}